item_key,name_zh,aliases,category_id,weight_gram,weight_min,weight_max,note,is_active
large-backpack,大背包,,backpack,,,,,
small-backpack,小背包,,backpack,,,,,
dry-bag,防水袋,,backpack,,,,,
sleeping-bag,睡袋,,sleep,,,,,
sleeping-pad,睡墊,,sleep,,,,,
raincoat,雨衣,,clothes,,,,,
rain-pants,雨褲,,clothes,,,,,
base-layer,排汗底層衣,,clothes,,,,,
warm-jacket,外套,,clothes,,,,,
windbreaker,防風外套,,clothes,,,,,
midlayer-vest,中層背心,,clothes,,,,,
spare-clothes,備用衣物,,clothes,,,,,
change-of-clothes,換洗衣物,,clothes,,,,,
hiking-socks,襪子/備用羊毛襪,襪子|備用羊毛襪,clothes,,,,,
hat,帽子,,clothes,,,,,
beanie,毛帽,,clothes,,,,,
buff,頭巾,,clothes,,,,,
slippers,拖鞋,,clothes,,,,,
worn-set,身上一套,,worn,,,,,
hiking-shoes,登山鞋,,worn,,,,,
toast,吐司,,food,,,,,
instant-noodles,泡麵,,food,,,,,
apple,蘋果,,food,,,,,
pineapple-cake,鳳梨穌,,food,,,,,
energy-drink,能量飲,,food,,,,,
salt-candy,鹽糖,,food,,,,,
chocolate,巧克力,,food,,,,,
banana,香蕉,,food,,,,,
instant-drink,沖泡飲,,food,,,,,
utensils,碗筷湯匙,,tableware,,,,,
cup,杯子,,tableware,,,,,
water-bottle,水瓶,,water-container,,,,,
thermos,保溫瓶,,water-container,,,,,
stove,爐頭,,cooking,,,,,
gas-canister,瓦斯罐,,cooking,,,,,
cookware,鍋具/鈦杯,鍋具|鈦杯,cooking,,,,,
windscreen,擋風板,,cooking,,,,,
pack-cover,背包套,,hiking-tools,,,,,
headlamp,頭燈,,hiking-tools,,,,,
headlamp-batteries,頭燈用電池,,hiking-tools,,,,,
gloves,手套,,hiking-tools,,,,,
trekking-poles,登山杖,,hiking-tools,,,,,
gaiters,綁腿,,hiking-tools,,,,,
knee-pads,護膝,,hiking-tools,,,,,
lighter,打火機,,hiking-tools,,,,,
phone,手機,,safety,,,,,
whistle,哨子,,safety,,,,,
emergency-blanket,緊急保暖毯,,safety,,,,,
first-aid-kit,急救包,,safety,,,,,
sunglasses,太陽眼鏡,,safety,,,,,
toiletries,盥洗用具,,personal,,,,,
umbrella,雨傘,,personal,,,,,
tissue,衛生紙,,personal,,,,,
wet-wipes,溼紙巾,,personal,,,,,
sunscreen,防曬油,,personal,,,,,
lip-balm,護唇膏,,personal,,,,,
personal-medicine,個人醫藥,,personal,,,,,
trash-bags,垃圾袋,,personal,,,,,
documents,證件,,personal,,,,,
cash,現金/零錢,現金|零錢,personal,,,,,
power-bank,行動電源,,personal,,,,,
cat-litter-scoop,貓鏟,,personal,,,,,
helmet,頭盔,,advanced-gear,,,,,
bivy-bag,露宿袋,,advanced-gear,,,,,
crampons,冰爪,,advanced-gear,,,,,
rope,繩索,,advanced-gear,,,,,
harness,吊帶,,advanced-gear,,,,,
belay-device,確保/下降器,確保|下降器,advanced-gear,,,,,
gps-communicator,衛星通訊器,,advanced-gear,,,,,
alpine-gloves,高地手套,,advanced-gear,,,,,
snow-gaiters,雪地綁腿,,advanced-gear,,,,,
balaclava,面罩頭巾,,advanced-gear,,,,,
carry-on,登機箱,,luggage,,,,,
personal-bag,隨身包,,luggage,,,,,
checked-luggage,託運行李箱,,luggage,,,,,
daypack,後背包,,luggage,,,,,
city-worn-set,身上一套,,worn,,,,,
city-shoes,鞋子,,worn,,,,,
city-top,上衣,,clothes,,,,,
city-pants,褲子,,clothes,,,,,
city-jacket,外套,,clothes,,,,,
underwear,內衣褲,,clothes,,,,,
socks,襪子,,clothes,,,,,
pajamas,睡衣,,clothes,,,,,
formal-wear,正式服裝,,clothes,,,,,
accessories,圍巾配件,,clothes,,,,,
toothbrush,牙刷牙膏,,toiletries,,,,,
facial-cleanser,洗面乳,,toiletries,,,,,
skincare,保養品,,toiletries,,,,,
makeup,化妝品,,toiletries,,,,,
razor,刮鬍刀,,toiletries,,,,,
comb,梳子,,toiletries,,,,,
towel,毛巾,,toiletries,,,,,
eyewear,隱形眼鏡/眼鏡,隱形眼鏡|眼鏡,toiletries,,,,,
city-charger,充電器,,electronics,,,,,
city-power-bank,行動電源,,electronics,,,,,
travel-adapter,萬國轉接頭,,electronics,,,,,
earphones,耳機,,electronics,,,,,
camera,相機,,electronics,,,,,
passport,護照/證件,護照|證件,documents,,,,,
tickets,機票/車票,機票|車票,documents,,,,,
booking-info,訂房資料,,documents,,,,,
credit-card,信用卡,,documents,,,,,
travel-insurance,旅遊保險,,documents,,,,,
city-umbrella,雨傘,,personal,,,,,
city-medicine,常備藥,,personal,,,,,
mask,口罩,,personal,,,,,
city-tissue,衛生紙/濕紙巾,衛生紙|濕紙巾,personal,,,,,
shopping-bag,環保購物袋,,personal,,,,,
city-water-bottle,水瓶,,personal,,,,,
